{
  "properties": {
    "connectionReferences": {
      "shared_commondataserviceforapps": {
        "runtimeSource": "embedded",
        "connection": {
          "connectionReferenceLogicalName": "pc_sharedcommondataserviceforapps_64417"
        },
        "api": {
          "name": "shared_commondataserviceforapps"
        }
      },
      "shared_office365_3": {
        "runtimeSource": "embedded",
        "connection": {
          "connectionReferenceLogicalName": "pc_sharedoffice365_b0ee9"
        },
        "api": {
          "name": "shared_office365"
        }
      }
    },
    "definition": {
      "$schema": "https://schema.management.azure.com/providers/Microsoft.Logic/schemas/2016-06-01/workflowdefinition.json#",
      "contentVersion": "1.0.0.0",
      "parameters": {
        "$connections": {
          "defaultValue": {},
          "type": "Object"
        },
        "$authentication": {
          "defaultValue": {},
          "type": "SecureObject"
        }
      },
      "triggers": {
        "When_a_row_is_added,_modified_or_deleted": {
          "metadata": {
            "operationMetadataId": "0682cce4-acdf-4010-89d7-60b912840fae"
          },
          "type": "OpenApiConnectionWebhook",
          "inputs": {
            "host": {
              "connectionName": "shared_commondataserviceforapps",
              "operationId": "SubscribeWebhookTrigger",
              "apiId": "/providers/Microsoft.PowerApps/apis/shared_commondataserviceforapps"
            },
            "parameters": {
              "subscriptionRequest/message": 1,
              "subscriptionRequest/entityname": "pc_parkingrequests",
              "subscriptionRequest/scope": 4
            },
            "authentication": "@parameters('$authentication')"
          }
        }
      },
      "actions": {
        "Get_a_row_by_ID_from_vehicle_table": {
          "runAfter": {},
          "metadata": {
            "operationMetadataId": "7cc9288b-afc0-4e6d-ad49-7ba6ba616447"
          },
          "type": "OpenApiConnection",
          "inputs": {
            "host": {
              "connectionName": "shared_commondataserviceforapps",
              "operationId": "GetItem",
              "apiId": "/providers/Microsoft.PowerApps/apis/shared_commondataserviceforapps"
            },
            "parameters": {
              "entityName": "pc_vehicles",
              "recordId": "@triggerOutputs()?['body/_pc_vehicle_value']"
            },
            "authentication": "@parameters('$authentication')"
          }
        },
        "Initialize_variable_request_name": {
          "runAfter": {
            "Get_a_row_by_ID_from_vehicle_table": [
              "Succeeded"
            ]
          },
          "metadata": {
            "operationMetadataId": "58642c22-3210-4da8-8733-754dbbeccadf"
          },
          "type": "InitializeVariable",
          "inputs": {
            "variables": [
              {
                "name": "varRequestName",
                "type": "string",
                "value": "@triggerOutputs()?['body/pc_parkingrequestsname']"
              }
            ]
          }
        },
        "Initialize_variable_request_date": {
          "runAfter": {
            "Initialize_variable_request_name": [
              "Succeeded"
            ]
          },
          "metadata": {
            "operationMetadataId": "c2c38ba5-b112-4e77-8870-4f3d5f63557a"
          },
          "type": "InitializeVariable",
          "inputs": {
            "variables": [
              {
                "name": "varRequestDate",
                "type": "string",
                "value": "@{formatDateTime(triggerOutputs()?['body/pc_parkingrequestdatetime'],'yyyy-MM-ddTHH:mm:ssZ')}"
              }
            ]
          }
        },
        "Initialize_variable_vehicle_name": {
          "runAfter": {
            "Initialize_variable_request_date": [
              "Succeeded"
            ]
          },
          "metadata": {
            "operationMetadataId": "24c9a87a-affe-46d1-8130-d0fcd1e5726a"
          },
          "type": "InitializeVariable",
          "inputs": {
            "variables": [
              {
                "name": "varVehicleName",
                "type": "string",
                "value": "@outputs('Get_a_row_by_ID_from_vehicle_table')?['body/pc_vehiclename']"
              }
            ]
          }
        },
        "List_rows": {
          "runAfter": {
            "Initialize_variable_vehicle_name": [
              "Succeeded"
            ]
          },
          "metadata": {
            "operationMetadataId": "c6275d00-40c1-4d14-a156-c359ef801f4c"
          },
          "type": "OpenApiConnection",
          "inputs": {
            "host": {
              "connectionName": "shared_commondataserviceforapps",
              "operationId": "ListRecords",
              "apiId": "/providers/Microsoft.PowerApps/apis/shared_commondataserviceforapps"
            },
            "parameters": {
              "entityName": "pc_parkingrequestses",
              "$filter": "pc_parkingrequestdatetime ge @{formatDateTime(convertTimeZone(utcNow(),'UTC','Eastern Standard Time'),'yyyy-MM-ddT00:00:00Z')} and pc_parkingrequestdatetime le @{formatDateTime(convertTimeZone(utcNow(),'UTC','Eastern Standard Time'),'yyyy-MM-ddT23:59:59Z')}"
            },
            "authentication": "@parameters('$authentication')"
          }
        },
        "Condition_maximum_capacity_check": {
          "actions": {
            "Condition_cut_off_time_5pm": {
              "actions": {
                "Send_an_email_request_confirmed": {
                  "runAfter": {},
                  "metadata": {
                    "operationMetadataId": "2f773530-8f3a-4d39-9008-edbaaad58f00"
                  },
                  "type": "OpenApiConnection",
                  "inputs": {
                    "host": {
                      "connectionName": "shared_office365_3",
                      "operationId": "SendEmailV2",
                      "apiId": "/providers/Microsoft.PowerApps/apis/shared_office365"
                    },
                    "parameters": {
                      "emailMessage/To": "aishwaryasrinivaasan@outlook.com",
                      "emailMessage/Subject": "Parking Request confirmed:@{variables('varVehicleName')}",
                      "emailMessage/Body": "<p>Hello,<br>\n<br>\nYour parking request for vehicle **@{variables('varVehicleName')}** has been *granted*.<br>\n<br>\n**Request ID:** @{variables('varRequestName')}<br>\n**Requested at:** @{formatDateTime(\r\n    convertTimeZone(variables('varRequestDate'), 'UTC', 'Eastern Standard Time'),\r\n    'hh:mm tt'\r\n)}<br>\n<br>\n---<br>\n<br>\nContoso School Administration &nbsp;<br>\n<br>\n</p>",
                      "emailMessage/Importance": "Normal"
                    },
                    "authentication": "@parameters('$authentication')"
                  }
                }
              },
              "runAfter": {},
              "else": {
                "actions": {
                  "Send_an_email_(V2)_request_too_late": {
                    "runAfter": {},
                    "metadata": {
                      "operationMetadataId": "881f5b49-7c9d-46ba-bd04-c89dc55c7a7d"
                    },
                    "type": "OpenApiConnection",
                    "inputs": {
                      "host": {
                        "connectionName": "shared_office365_3",
                        "operationId": "SendEmailV2",
                        "apiId": "/providers/Microsoft.PowerApps/apis/shared_office365"
                      },
                      "parameters": {
                        "emailMessage/To": "aishwaryasrinivaasan@outlook.com",
                        "emailMessage/Subject": "Parking Request too late: @{variables('varVehicleName')}",
                        "emailMessage/Body": "<p>Hello,<br>\n<br>\nYour parking request for vehicle **@{variables('varVehicleName')}** (Request ID: **@{variables('varRequestName')}**) was received after our 5 PM cut-off: @{formatDateTime(\r\n    convertTimeZone(variables('varRequestDate'), 'UTC', 'Eastern Standard Time'),\r\n    'hh:mm tt'\r\n)}<br>\n<br>\nRequests submitted after inspections have closed are **not valid for that day**.<br>\n<br>\nPlease submit your request **before 5 PM tomorrow** if parking is still needed.<br>\n<br>\n---<br>\n<br>\nContoso School Administration<br>\n<br>\n</p>",
                        "emailMessage/Importance": "Normal"
                      },
                      "authentication": "@parameters('$authentication')"
                    }
                  }
                }
              },
              "expression": {
                "lessOrEquals": [
                  "@int(formatDateTime(convertTimeZone(variables('varRequestDate'),'UTC','Eastern Standard Time'),'HH'))",
                  17
                ]
              },
              "metadata": {
                "operationMetadataId": "55f15370-abec-4733-b5ea-6d318b7c31a1"
              },
              "type": "If"
            }
          },
          "runAfter": {
            "List_rows": [
              "Succeeded"
            ]
          },
          "else": {
            "actions": {
              "Send_an_email_(V2)_request_declined": {
                "runAfter": {},
                "metadata": {
                  "operationMetadataId": "4a255c62-549a-4f9f-9321-cc2f76017933"
                },
                "type": "OpenApiConnection",
                "inputs": {
                  "host": {
                    "connectionName": "shared_office365_3",
                    "operationId": "SendEmailV2",
                    "apiId": "/providers/Microsoft.PowerApps/apis/shared_office365"
                  },
                  "parameters": {
                    "emailMessage/To": "aishwaryasrinivaasan@outlook.com",
                    "emailMessage/Subject": "Parking request declined-@{variables('varVehicleName')}",
                    "emailMessage/Body": "<p>Hello,<br>\n<br>\nThank you for your parking request for vehicle @{variables('varVehicleName')} today<br>\n(Request ID: @{variables('varRequestName')}).<br>\n<br>\nUnfortunately, all 15 parking spaces have already been allocated for today.<br>\n<br>\nPlease try again tomorrow, or contact the administration office if you require special accommodation.<br>\n<br>\nContoso School Administration</p>",
                    "emailMessage/Importance": "Normal"
                  },
                  "authentication": "@parameters('$authentication')"
                }
              }
            }
          },
          "expression": {
            "lessOrEquals": [
              "@length(outputs('List_rows')?['body/value'])",
              15
            ]
          },
          "metadata": {
            "operationMetadataId": "2f4bb196-02ef-4187-ad80-1cad4629ddfb"
          },
          "type": "If"
        }
      }
    },
    "templateName": ""
  },
  "schemaVersion": "1.0.0.0"
}