<ImportExportXml version="9.2.25054.214" SolutionPackageVersion="9.2" languagecode="1033" generatedBy="CrmLive" xmlns:xsi="http://www.w3.org/2001/XMLSchema-instance" OrganizationVersion="9.2.25054.214" OrganizationSchemaType="Standard" CRMServerServiceabilityVersion="9.2.25054.00214">
  <SolutionManifest>
    <UniqueName>ParkingChallengeDemo</UniqueName>
    <LocalizedNames>
      <LocalizedName description="Parking Challenge Demo" languagecode="1033" />
    </LocalizedNames>
    <Descriptions>
      <Description description="A solution to allow to record all the details associated with the paschool parking issues " languagecode="1033" />
    </Descriptions>
    <Version>1.0.0.2</Version>
    <Managed>1</Managed>
    <Publisher>
      <UniqueName>Parkingchallenge</UniqueName>
      <LocalizedNames>
        <LocalizedName description="Parking challenge" languagecode="1033" />
      </LocalizedNames>
      <Descriptions>
        <Description description="A publisher for Parking challenge issue" languagecode="1033" />
      </Descriptions>
      <EMailAddress xsi:nil="true"></EMailAddress>
      <SupportingWebsiteUrl xsi:nil="true"></SupportingWebsiteUrl>
      <CustomizationPrefix>pc</CustomizationPrefix>
      <CustomizationOptionValuePrefix>12547</CustomizationOptionValuePrefix>
      <Addresses>
        <Address>
          <AddressNumber>1</AddressNumber>
          <AddressTypeCode>1</AddressTypeCode>
          <City xsi:nil="true"></City>
          <County xsi:nil="true"></County>
          <Country xsi:nil="true"></Country>
          <Fax xsi:nil="true"></Fax>
          <FreightTermsCode xsi:nil="true"></FreightTermsCode>
          <ImportSequenceNumber xsi:nil="true"></ImportSequenceNumber>
          <Latitude xsi:nil="true"></Latitude>
          <Line1 xsi:nil="true"></Line1>
          <Line2 xsi:nil="true"></Line2>
          <Line3 xsi:nil="true"></Line3>
          <Longitude xsi:nil="true"></Longitude>
          <Name xsi:nil="true"></Name>
          <PostalCode xsi:nil="true"></PostalCode>
          <PostOfficeBox xsi:nil="true"></PostOfficeBox>
          <PrimaryContactName xsi:nil="true"></PrimaryContactName>
          <ShippingMethodCode>1</ShippingMethodCode>
          <StateOrProvince xsi:nil="true"></StateOrProvince>
          <Telephone1 xsi:nil="true"></Telephone1>
          <Telephone2 xsi:nil="true"></Telephone2>
          <Telephone3 xsi:nil="true"></Telephone3>
          <TimeZoneRuleVersionNumber xsi:nil="true"></TimeZoneRuleVersionNumber>
          <UPSZone xsi:nil="true"></UPSZone>
          <UTCOffset xsi:nil="true"></UTCOffset>
          <UTCConversionTimeZoneCode xsi:nil="true"></UTCConversionTimeZoneCode>
        </Address>
        <Address>
          <AddressNumber>2</AddressNumber>
          <AddressTypeCode>1</AddressTypeCode>
          <City xsi:nil="true"></City>
          <County xsi:nil="true"></County>
          <Country xsi:nil="true"></Country>
          <Fax xsi:nil="true"></Fax>
          <FreightTermsCode xsi:nil="true"></FreightTermsCode>
          <ImportSequenceNumber xsi:nil="true"></ImportSequenceNumber>
          <Latitude xsi:nil="true"></Latitude>
          <Line1 xsi:nil="true"></Line1>
          <Line2 xsi:nil="true"></Line2>
          <Line3 xsi:nil="true"></Line3>
          <Longitude xsi:nil="true"></Longitude>
          <Name xsi:nil="true"></Name>
          <PostalCode xsi:nil="true"></PostalCode>
          <PostOfficeBox xsi:nil="true"></PostOfficeBox>
          <PrimaryContactName xsi:nil="true"></PrimaryContactName>
          <ShippingMethodCode>1</ShippingMethodCode>
          <StateOrProvince xsi:nil="true"></StateOrProvince>
          <Telephone1 xsi:nil="true"></Telephone1>
          <Telephone2 xsi:nil="true"></Telephone2>
          <Telephone3 xsi:nil="true"></Telephone3>
          <TimeZoneRuleVersionNumber xsi:nil="true"></TimeZoneRuleVersionNumber>
          <UPSZone xsi:nil="true"></UPSZone>
          <UTCOffset xsi:nil="true"></UTCOffset>
          <UTCConversionTimeZoneCode xsi:nil="true"></UTCConversionTimeZoneCode>
        </Address>
      </Addresses>
    </Publisher>
    <RootComponents>
      <RootComponent type="1" schemaName="pc_parkinginspections" behavior="0" />
      <RootComponent type="1" schemaName="pc_parkingrequests" behavior="0" />
      <RootComponent type="1" schemaName="pc_vehicle" behavior="0" />
      <RootComponent type="29" id="{89539797-b154-f011-877a-000d3a9d53d2}" behavior="0" />
      <RootComponent type="62" schemaName="pc_ParkingManager" behavior="0" />
      <RootComponent type="80" schemaName="pc_ParkingManager" behavior="0" />
      <RootComponent type="300" schemaName="pc_parkinginspectorcanvasapp_0023e" behavior="0" />
      <RootComponent type="431" schemaName="pc_vehicle pc_vehicleimage" behavior="0" />
      <RootComponent type="432" schemaName="pc_vehicle" behavior="0" />
    </RootComponents>
    <MissingDependencies>
      <MissingDependency>
        <Required type="61" schemaName="msdyn_/AppManagementControl/images/apps.png" displayName="msdyn_/AppManagementControl/images/apps.png" solution="WebResourcePages (9.0.1.1)">
          <package appName="Package Short Name" version="9.0.2.45">WebResourcePagesPatch (9.0.2.45)</package>
        </Required>
        <Dependent type="80" schemaName="pc_ParkingManager" displayName="Parking Manager" />
      </MissingDependency>
      <MissingDependency>
        <Required type="SettingDefinition" displayName="AppChannel" solution="msdyn_AppFrameworkInfraExtensions (1.0.0.14)" id.uniquename="AppChannel">
          <package appName="PowerAppsAppFramework Package" version="1.0.0.19">PowerAppsAppFramework_Anchor (1.0.0.19)</package>
        </Required>
        <Dependent type="AppSetting" displayName="parentappmoduleid.uniquename=pc_ParkingManager,settingdefinitionid.uniquename=AppChannel" id.parentappmoduleid.uniquename="pc_ParkingManager" id.settingdefinitionid.uniquename="AppChannel" />
      </MissingDependency>
    </MissingDependencies>
  </SolutionManifest>
</ImportExportXml>